name,notes,extensionID,address,service_worker,password,homePage,pathID
"metamask","","bkeiidaflgkgebaebbfekhldmgdefckk","0x033a5379bc3d5edd92b9b1da762688e97cef154c;0x4A981186BbFBeC244E0F7260529528D294EC04Ed;0x196E98A561479ff97D533401Cc10e95b238e1a2A","service_worker","Default1Password1!","",nkbihfbeogaeaoehlefnkodbefgpgknn
"phantom","","bfnaelmomeimhlpmgjnjophhpkkoljpa","0x033a5379bc3d5edd92b9b1da762688e97cef154c;0x4A981186BbFBeC244E0F7260529528D294EC04Ed;0x196E98A561479ff97D533401Cc10e95b238e1a2A","service_worker","Default1Password1!","",bfnaelmomeimhlpmgjnjophhpkkoljpa
"okx","","dhjdfoleigkechhamfionplmhjbpmhde","0x033a5379bc3d5edd92b9b1da762688e97cef154c;0x4A981186BbFBeC244E0F7260529528D294EC04Ed;0x196E98A561479ff97D533401Cc10e95b238e1a2A","service_worker","Default1Password1!","",mcohilncbfahbmgdjkbpemcciiolgcge
"ronin","","fnjhmkhhmkbjkkabndcnnogagogbneec","0x033a5379bc3d5edd92b9b1da762688e97cef154c;0x4A981186BbFBeC244E0F7260529528D294EC04Ed;0x196E98A561479ff97D533401Cc10e95b238e1a2A","service_worker","Default1Password1!","",fnjhmkhhmkbjkkabndcnnogagogbneec
"coinbase","","kjhlddnnnolbokhbfndodkbaagmngfkj","0x033a5379bc3d5edd92b9b1da762688e97cef154c;0x4A981186BbFBeC244E0F7260529528D294EC04Ed;0x196E98A561479ff97D533401Cc10e95b238e1a2A","service_worker","Default1Password1!","",hnfanknocfeofbddgcijnmhnfnkdnaad
"trust","","egjidjbpglichdcondbcbdnbeeppgdph","0x033a5379bc3d5edd92b9b1da762688e97cef154c;0x4A981186BbFBeC244E0F7260529528D294EC04Ed;0x196E98A561479ff97D533401Cc10e95b238e1a2A","service_worker","Default1Password1!","",egjidjbpglichdcondbcbdnbeeppgdph
"keplr","","mckaojhpeiklmjpeiamhahailbdpgpbm","0x033a5379bc3d5edd92b9b1da762688e97cef154c;0x4A981186BbFBeC244E0F7260529528D294EC04Ed;0x196E98A561479ff97D533401Cc10e95b238e1a2A","service_worker","Default1Password1!","",dmkamcknogkgcdfhhbddcghachkejeap
"rabby","","nnlghamekpifeidklpjglljbjmbondcg","0x033a5379bc3d5edd92b9b1da762688e97cef154c;0x4A981186BbFBeC244E0F7260529528D294EC04Ed;0x196E98A561479ff97D533401Cc10e95b238e1a2A","service_worker","Default1Password1!","",acmacodkjbdgmoleebolmdjonilkdbch
"solflare","","plecaomfeedicbjoaaadmoggndbfhoej","DBLwsdi5eh6gjsCq4ENGmsoawsz8vmhYvaiBaYooJWWx;CmAMcStYH5fDhqkZJ6WmnQiLUTxyAzCQkHHhwokyszM2;8sgL5Cu4fyXW7iR7PhieUJP1sXXpAgExyadJSsi3HtxH","service_worker","Default1Password1!","",bhhhlbepdkbapadjdnnojkbgioiodbic
"unisat","no-balance-btc","ehejckcjkllmmnimpgnnjhpkiaolalga","bc1qt834lseh5vxr7lqy2xkk4n59vef3xv8lq20n65;bc1qsg6jd83nd7edw7mypgsyegjy9dcx8vs9nfdfhy;bc1q5qx67932f009325rxssmsg8v7myam53r2pmwfq","service_worker","Default1Password1!","",ppbibelpcjmhbdihakflkdcoccbgbkpo
"backpack","","neibgfkfbmbhdhfheafgoglchomoajen","0x033a5379bc3d5edd92b9b1da762688e97cef154c;0x4A981186BbFBeC244E0F7260529528D294EC04Ed;0x196E98A561479ff97D533401Cc10e95b238e1a2A","service_worker","Default1Password1!","",aflkmfhebedbjioipglgcbcmnbpgliof
"tronlink","","mbhfebehdbendllficfcjnijohghdabd","0x033a5379bc3d5edd92b9b1da762688e97cef154c;0x4A981186BbFBeC244E0F7260529528D294EC04Ed;0x196E98A561479ff97D533401Cc10e95b238e1a2A","service_worker","Default1Password1!","",ibnejdfjmmkpcnlpebklmnkoeoihofec
"bitget","","ppfefhcpheehadbljalmmeacnmakkhcm","0x033a5379bc3d5edd92b9b1da762688e97cef154c;0x4A981186BbFBeC244E0F7260529528D294EC04Ed;0x196E98A561479ff97D533401Cc10e95b238e1a2A","service_worker","Default1Password1!","",jiidiaalihmmhddjgbnbgdfflelocpak
"petra","no-balance-apt","jjjfdedeloiafcjpillklholhdipoama","0xf26cbb3127abc72631e9236beacd595092126b5629ec53300e8ff1bb79f6cc5f;0x3051817efb8c7f6f5a7fbcb101d8415894e9227f51a71a61badccd0c50b14c91;0x315c73dabd76a9cbaf9f44a5109cb64b2903bf056c3c5fa39901d587e08bb670","service_worker","Default1Password1!","",ejjladinnckdgjemekebdpeokbikhfci
"station","no-balance-terra","jjgcknbinfmcpknbnemojcncagdgoljj","terra1ttkq0gvkqmw0426g82u6x7whpv4wqtsm9n57mh;terra1yp3u9995yntm0nlv2arrxe70jz9yy3anxe9tyr;terra1drpsthzk9n9v2gpeuf7zjl2syyk4mlw06a4zvw","service_worker","Default1Password1!","",aiifbnbfobpmeekipheeijimdpnlpgpp
"ready","no-balance","pjmejmhmiacobchhpeieiclodcjndkko","0x00B0E0F64dbb5fF672b3F0B8F89A5176ca045186105F121D5709c7232C4Ae831;0x053D571D7F356DdE3919b7a2427cA21b6a60159A3982791496439285B2c20006;0x01d28BA78C9A70FeAfC7C34Cd549a5181C6051296148200aCEF667bA6b6c0030","service_worker","Default1Password1!","",dlcobpjiigpikoobohmabehhmhfoodbb
"xverse","no-balance-btc","caphdjgoklaigiapfhjocdmaeocaollk","bc1qt834lseh5vxr7lqy2xkk4n59vef3xv8lq20n65;bc1qsg6jd83nd7edw7mypgsyegjy9dcx8vs9nfdfhy;bc1q5qx67932f009325rxssmsg8v7myam53r2pmwfq","service_worker","Default1Password1!","",idnnbdplmphpflfnlkomgpfbpcgelopg
"bybit","","pdabijkgjacmhlcihdmmblegnfigakib","0x033a5379bc3d5edd92b9b1da762688e97cef154c;0x4A981186BbFBeC244E0F7260529528D294EC04Ed;0x196E98A561479ff97D533401Cc10e95b238e1a2A","service_worker","Default1Password1!","",pdliaogehgdbhbnmkklieghmmjkpigpa
"leap","","kgdpahickmkokacjodgfaaaeaenmlhne","0x033a5379bc3d5edd92b9b1da762688e97cef154c;0x4A981186BbFBeC244E0F7260529528D294EC04Ed;0x196E98A561479ff97D533401Cc10e95b238e1a2A","service_worker","Default1Password1!","",fcfcfllfndlomdhbehjjcoimbgofdncg
"ctrl","dead-cant-open","cfhlamjilkepiiojhihjmngkehfmllbk","0x033a5379bc3d5edd92b9b1da762688e97cef154c;0x4A981186BbFBeC244E0F7260529528D294EC04Ed;0x196E98A561479ff97D533401Cc10e95b238e1a2A","service_worker","Default1Password1!","",hmeobnfnfcmdkdcmlblgagmfpfboieaf
"subWallet","","mfbblcccodpgompankhidkhjgbpdenjb","0x033a5379bc3d5edd92b9b1da762688e97cef154c;0x4A981186BbFBeC244E0F7260529528D294EC04Ed;0x196E98A561479ff97D533401Cc10e95b238e1a2A","service_worker","Default1Password1!","",onhogfjeacnfoofkfgppdlbmlmnplgbn
"martian","no-balance-aptos","bnpipdfinleenkbjglfiiiddcoehcbna","0xf26cbb3127abc72631e9236beacd595092126b5629ec53300e8ff1bb79f6cc5f;0xf856adf1736ff144a0ea315802989a2e4790a32cbc0228a122fe255e433c29d1;0x8b08acb5d61c303f6667c37351b837595cdaf2e8aa0180c7e408e7ece665afc9","service_worker","Default1Password1!","",efbglgofoippbgcjepnhiblaibcnclgk
"suiet","0xe1cd7f69c5263276883fb99f77720cb58b9cb30ded6594e287eaaee380321516","nfkkekgickoojlmndjddnfcfaopkfifd","0x32f1bd90cf32a10aff675c81ab89d60d2703f92971456b6cbe32c97ade7696be;0x3416de48dd68fe537d84e42ee72f4ce97cb467e83ddb4a5cd9053b2e2b7d383b;0xe1cd7f69c5263276883fb99f77720cb58b9cb30ded6594e287eaaee380321516","service_worker","Default1Password1!","",khpkpbbcccdmmclmpigdgddabeilkdpd
"venom","no-balance-venom","kmgngmfckeiijbdgbphgfnmagbjhcpcd","0:830be457f1fd437cd6246d514dbc4ca529168a3cd6fb3f0160a96f0d10552437;0:404b44c77e84a44bc0b72cbfcc971e14ab420d7611bf792271b60cc1b5e76c22;0:2708bf21ad927ae76c09a24e095bd4f451ba405f9c834ed303a2b349c06947c4","service_worker","Default1Password1!","",ojggmchlghnjlapmfbnjholfjkiidbch
"gate","","diibdioeljjpddhibfbiakdbhjifggie","0x033a5379bc3d5edd92b9b1da762688e97cef154c;0x4A981186BbFBeC244E0F7260529528D294EC04Ed;0x196E98A561479ff97D533401Cc10e95b238e1a2A","service_worker","Default1Password1!","",cpmkedoipcpimgecpmgpldfpohjplkpp
"zerion","","cgohljjemkdomckffdpfdnjiknallcgk","0x033a5379bc3d5edd92b9b1da762688e97cef154c;0x4A981186BbFBeC244E0F7260529528D294EC04Ed;0x196E98A561479ff97D533401Cc10e95b238e1a2A","service_worker","Default1Password1!","",klghhnkeealcohjjanjjdaeeggmfmlpl
"pontem","","biknpabhkkghbdmfgoffkpmeepkanemp","0x033a5379bc3d5edd92b9b1da762688e97cef154c;0x4A981186BbFBeC244E0F7260529528D294EC04Ed;0x196E98A561479ff97D533401Cc10e95b238e1a2A","service_worker","Default1Password1!","",phkbamefinggmakgklpkljjmgibohnba
"coin98","","hjcmeokokjnemnhogckjdnfnipnpoimj","0x033a5379bc3d5edd92b9b1da762688e97cef154c;0x4A981186BbFBeC244E0F7260529528D294EC04Ed;0x196E98A561479ff97D533401Cc10e95b238e1a2A","service_worker","Default1Password1!","",aeachknmefphepccionboohckonoeemg
"portal","dead-cant-use-for-update","ikkhjbgbheakobaggmchajcoplopjpmg","0x033a5379bc3d5edd92b9b1da762688e97cef154c;0x4A981186BbFBeC244E0F7260529528D294EC04Ed;0x196E98A561479ff97D533401Cc10e95b238e1a2A","service_worker","Default1Password1!","",ieldiilncjhfkalnemgjbffmpomcaigi
"exodus","dead-cant-set-up-more","nmadaldkgomnaadpnlioijggndajoldp","0x033a5379BC3D5edD92b9B1dA762688E97CEF154c;;","service_worker","Default1Password1!","",aholpfdialjgjfhomihkjbmgjidlcdno
"starkey","","hcjhpkgbmechpabifbggldplacolbkoh","0x033a5379bc3d5edd92b9b1da762688e97cef154c;0x4A981186BbFBeC244E0F7260529528D294EC04Ed;0x196E98A561479ff97D533401Cc10e95b238e1a2A","service_worker","Default1Password1!","",hcjhpkgbmechpabifbggldplacolbkoh
"rainbow","dead-cant-set-try-again","oggpafmeebjhfanfbjbfpehpaakbcmpp","0x033a5379bc3d5edd92b9b1da762688e97cef154c;0x4A981186BbFBeC244E0F7260529528D294EC04Ed;0x196E98A561479ff97D533401Cc10e95b238e1a2A","service_worker","Default1Password1!","",opfgelmcmbiajamepnmloijbpoleiama
"pocket-universe","not-a-wallet","kjjgbhcialhkjmbidbhbiademenlpnlf","none;;","service_worker","Default1Password1!","",gacgndbocaddlemdiaadajmlggabdeod
"safepal","dead-cant-use","obkkmiffmdnfiebohilhhmaoiigblgfk","0x033a5379bc3d5edd92b9b1da762688e97cef154c;0x4A981186BbFBeC244E0F7260529528D294EC04Ed;0x196E98A561479ff97D533401Cc10e95b238e1a2A","service_worker","Default1Password1!","",lgmpcpglpngdoalbgeoldeajfclnhafa
"compass","no-balance-sei","hkebeifbgcmlenfaoljkjjebgihnabbh","0x901adc2d75629eb7ec8d0ae0946e6907dde45b52;0x0804dddc18a6dd0f186f3b920ae57a2a75439864;0x9c7e8c4e980de98235d9b899f4d8684355cde2b1","service_worker","Default1Password1!","",anokgmphncpekkhclmingpimjmcooifb
"uniswap","","ifdaopbkfekobklloiedfkdefkmjlppb","0x033a5379bc3d5edd92b9b1da762688e97cef154c;0x4A981186BbFBeC244E0F7260529528D294EC04Ed;0x196E98A561479ff97D533401Cc10e95b238e1a2A","service_worker","Default1Password1!","chrome-extension://ifdaopbkfekobklloiedfkdefkmjlppb/onboarding.html#/onboarding",nnpmfplkfogfpmcngplhnbdnnilmcdcg
"sender","","elpbkohpjbkbfhoppdgpjljljnkfcjal","0x033a5379bc3d5edd92b9b1da762688e97cef154c;0x4A981186BbFBeC244E0F7260529528D294EC04Ed;0x196E98A561479ff97D533401Cc10e95b238e1a2A","service_worker","Default1Password1!","chrome-extension://elpbkohpjbkbfhoppdgpjljljnkfcjal/popup.html#/home",epapihdplajcdnnkdeiahlgigofloibg
"mango","no-balance-mgo","mbemnagocpahmnbhgalckjigikafdooo","0xd9e9160b16a16975d5fea3d61bbc3fe39adfd1bb0675ab68fec81c5a793327ae;0x3f92aef94b8b457205814d2b58ce95d94db4b285ef97c7b1d721f0942bc9eb4e;0x9aa3515c5dae34835094f2c74ffd6756c0a4fb8c6adb65d04b752320e3aa07ab","service_worker","Default1Password1!","",jiiigigdinhhgjflhljdkcelcjfmplnd
"leather","no-balance-btc","ndfogdnlkdfnjnhkecpedepnadcdgcol","bc1qt834lseh5vxr7lqy2xkk4n59vef3xv8lq20n65;bc1q2x0uvqkve6vwflltsr5zruxqj38qknu6ykyn4e;bc1q50fqlm62pm8ctltzlan7zgznsxz6l58jt7ky6n","service_worker","Default1Password1!EEEEE","",ldinpeekobnhjjdofggfgjlcehhmanlj
"lace","bc1qt834lseh5vxr7lqy2xkk4n59vef3xv8lq20n65","gafhhkghbfjjkeiendhlofajokpaflmk","bc1qt834lseh5vxr7lqy2xkk4n59vef3xv8lq20n65;bc1qummsjpxff6h2gt59cjg29jqr0thr63mra2m7mn;bc1qsd4nl24486rvjx3nv3lhenh0ldpexhxrnx7r7x","service_worker","Default1Password1!","",gafhhkghbfjjkeiendhlofajokpaflmk
"hashpack","dead-cant-setup","lljhalkpfdannmgpjjkffblkliaccjml","none;;","service_worker","Default1Password1!","none",gjagmgiddbbciopjhllkdnddhcglnemk
"eternl","no-balance","bfdmdielpgildiicngfbodcmekjkbfcn","addr1qy57sfzcxwujvjh80fuvs2lv3cgsmmuddh2k0axdeeahjvf6hu4vvw38r2sa9qkzr5w29lzyar6rdu07944tdfx3uy9q9hk0cu;addr1qxtvfj59e8mpjhk7lsqw4pc23vp0y9f5yr6nlj8jfdqq99rqe85xr9mljy7v0w2vqculcnzv4t9z7pv6m4fjs4qz2q0q3lhel7;addr1q8996u3kp6pw092td5w4ww9u9se7yj720xcsak30msz69hkd3hr00cz72tw2qsak7v2qt87ll329ne7v69lz47kh0wcslu6t49","service_worker","Default1Password1!","chrome-extension://bfdmdielpgildiicngfbodcmekjkbfcn/index.html#/mainnet/wallet/home",kmhcihpebfmpgmihbkipmjlmmioameka
"tokenPocket","","kaodjaalmiaoflceinfnblmogamliekh","0x033a5379bc3d5edd92b9b1da762688e97cef154c;0x4A981186BbFBeC244E0F7260529528D294EC04Ed;0x196E98A561479ff97D533401Cc10e95b238e1a2A","service_worker","Default1Password1!","",mfgccjchihfkkindfppnaooecgfneiii
"walletGuard","dead-moved-to-metamask","pdgbckgdncnhihllonhnjbdoighgpimk","0x033a5379bc3d5edd92b9b1da762688e97cef154c;0x4A981186BbFBeC244E0F7260529528D294EC04Ed;0x196E98A561479ff97D533401Cc10e95b238e1a2A","service_worker","Default1Password1!","none",pdgbckgdncnhihllonhnjbdoighgpimk
"binance","","enbelpbobjinnfmbioinofhfjngedoke","0x033a5379bc3d5edd92b9b1da762688e97cef154c;0x4A981186BbFBeC244E0F7260529528D294EC04Ed;0x196E98A561479ff97D533401Cc10e95b238e1a2A","service_worker","Default1Password1!","",cadiboklkpojfamcoggejbbdjcoiljjk
"pelagus","no-balance-quai","abnpbeimhghpjbmdcmgdnhjabnijhkio","0x0034CcfF664BC3480641C32deB9674AAFC7B86C7;0x00490A9727c310e83Dcab568B4D48E752aAEee34;0x005BFe05bf79f39eF955048c05E47bE74a244207","service_worker","Default1Password1!","",nhccebmfjcbhghphpclcfdkkekheegop
"plug","no-balance-sol","mmjboibijganjledibcmjldodlponffo","HQkcgDBs6qprnyATHz3bEjQfaHz1ctYSpWjtYnv7iLGC;5XiSHFsihdRCAiZrNm7NqoiVqLPmG3xeyVFpbnNATe3y;5DFoxkjgWhxwtYfTTUeyiVKQiAG6tdutiVQaXcrb7arR","service_worker","Default1Password1!","",cfbfdhimifdmdehjmkdobpcjfefblkjm
"mytonWallet","no-balance-tron","knngimjooicgckppjaagokpeecdcalcl","TQ2RQanSSj6TKi38mCEuhu18Fx1mJVxZBy;TWnYEc42GaBNBJYyAqTwbNUnbtWKfgYPWM;TUaqWfshbUWvS1hyFfjEADhH6mqkUk3tuW","service_worker","Default1Password1!","chrome-extension://knngimjooicgckppjaagokpeecdcalcl/index.html",fldfpgipfncgndfolcbkdeeknbbbnhcc
"alby","dead-cant-use-without-lightning","iokeahhehimjnekafflcihljlcjccdbe","none;;","service_worker","Default1Password1!","",iokeahhehimjnekafflcihljlcjccdbe
"kerberus","dead-cant-use","jdipmnfpdnhlconeamagigkdanpojkjh","0x033a5379bc3d5edd92b9b1da762688e97cef154c;0x4A981186BbFBeC244E0F7260529528D294EC04Ed;0x196E98A561479ff97D533401Cc10e95b238e1a2A","service_worker","Default1Password1!","",kglcipoddmbniebnibibkghfijekllbl
"math","no-balance","binhbgmdfjnfkmliofbdaffkdmfnbnbk","0x033a5379bc3d5edd92b9b1da762688e97cef154c;0x4A981186BbFBeC244E0F7260529528D294EC04Ed;0x196E98A561479ff97D533401Cc10e95b238e1a2A","service_worker","Default1Password1!","",afbcbjpbpfadlkmhmclhkeeodmamcflc
"enkrypt","","jcalkdillihmjdpaeeniilcieaopnppk","0x033a5379bc3d5edd92b9b1da762688e97cef154c;0x4A981186BbFBeC244E0F7260529528D294EC04Ed;0x196E98A561479ff97D533401Cc10e95b238e1a2A","service_worker","Default1Password1!","",kkpllkodjeloidieedojogacfhpaihoh
"taho","dead-cant-use","apmhkempldpomgifjjdpihhddeppccnl","none;;","service_worker","Default1Password1!","",eajafomhmkipbjmfmhebemolkcicgfmd
"fuelet","","amcphonnbigkfnimjegcedbbebbjcede","0x8E174bCE95fd1576d3b720201C5816aBE0856c01e8a7a66091832832E2321c2E;0x1731C38d6FDF5625CC81c6aF5883d31187731277Cfea220077Bc1C7bBef90454;0x3850645eac108fA3772335F9860A55FC9225EDFb29E12287743d0b76721e730f","service_worker","Default1Password1!","",bifidjkcdpgfnlbcjpdkdcnbiooooblg
"nc-wallet","dead-social-media-login","imlcamfeniaidioeflifonfjeeppblda","none;;","service_worker","Default1Password1!","",imlcamfeniaidioeflifonfjeeppblda
"qsafe","dead-cant-set-up-two","aeelfmhljmklciaehamgoaijjjmdppil","0x033a5379BC3D5edD92b9B1dA762688E97CEF154c;;","service_worker","Default1Password1!","",opnnmgopaggjpapnoknbphfpjfadbddc
"onekey","","hialhnnhaphifacbamnphaanmnjddpgo","0x033a5379bc3d5edd92b9b1da762688e97cef154c;0x4A981186BbFBeC244E0F7260529528D294EC04Ed;0x196E98A561479ff97D533401Cc10e95b238e1a2A","service_worker","Default1Password1!","",jnmbobjmhlngoefaiojfljckilhhlhcj
"cosmostation","","edelkcdpdpgmbljbnihlmmgpolgfbnel","0x033a5379bc3d5edd92b9b1da762688e97cef154c;0x4A981186BbFBeC244E0F7260529528D294EC04Ed;0x196E98A561479ff97D533401Cc10e95b238e1a2A","service_worker","Default1Password1!","",fpkhgmpbidmiogeglndfbkegfdlnajnf
"core","dead-cant-use-network","agoakfejjabomempkjlepdflaleeobhb","none;;","service_worker","Default1Password1!","",agoakfejjabomempkjlepdflaleeobhb
"wombat","dead-social-media","amkmjjmmflddogmhpjloimipbofnfjih","0x033a5379bc3d5edd92b9b1da762688e97cef154c;0x4A981186BbFBeC244E0F7260529528D294EC04Ed;0x196E98A561479ff97D533401Cc10e95b238e1a2A","service_worker","Default1Password1!","",amkmjjmmflddogmhpjloimipbofnfjih
"finnie","different-chains-koii-eth","chjmipeghjggenmapjckiedfkhihoagp","0x033a5379BC3D5edD92b9B1dA762688E97CEF154c;0xcCF0f148A98D3c9709ce0545404d534C21ba7c4C;HQuMhHa2jh9vd4fpGqtLf7AjJt1i1ktWu1bWx5uurmsB","service_worker","Default1Password1!","",cjmkndjhnagcfbpiemnkdpomccnjblmj
"dpal","no-balance-doge-only-one-address","ihepnfhkpldcdkamhiifhcpcfehndmhe","D6Gp1VxzUcahRb5m4DPDvjpknzQibqgzXS;;","service_worker","Default1Password1!","",lmkncnlpeipongihbffpljgehamdebgi
"fin","no-balance-sei","ngadjcicclmgphdmgllbkhniilljipea","sei10wnp47844gmlm6gj97f7wvtxg08jkmkdh3vjtd;sei1rhxdun9qfcc0xlzfjj96cud8g97f04reym9m4s;sei1aj99vf4djexs3vwzlujvwu03cas5eyx5em88c4","service_worker","Default1Password1!","",dbgnhckhnppddckangcjbkjnlddbjkna
"wigwam","","ghmcomnlmfnbbmdlhdlmgpenkdcnalgi","0x033a5379bc3d5edd92b9b1da762688e97cef154c;0x4A981186BbFBeC244E0F7260529528D294EC04Ed;0x196E98A561479ff97D533401Cc10e95b238e1a2A","service_worker","Default1Password1!","",lccbohhgfkdikahanoclbdmaolidjdfl
"web3antivirus","dead-not-a-wallet","hblhcfefknolaoojcomiibegdgjolpgk","none;;","service_worker","Default1Password1!","",inejiiekmjkmphgjjehhcmkpjncboodn
"fluvi","no-balance","djjcendgkdbbkcfpoeoloikglkmloekp","0xf21825238bE3b8079a3C360e889B9b99F433Be95;0x6708fb9EF9978475aDd9b7fA1E6eB312F90f4D24;0x10EC555AD4d632F39bBA5dF13eA667096bD4Df59","service_worker","Default1Password1!","",mmmjbcfofconkannjonfmjjajpllddbg
"oyl","no-balance-btc","fiioplbbjlgnbgecnklbjbjchmpfjdic","bc1qt834lseh5vxr7lqy2xkk4n59vef3xv8lq20n65;bc1qsg6jd83nd7edw7mypgsyegjy9dcx8vs9nfdfhy;bc1q5qx67932f009325rxssmsg8v7myam53r2pmwfq","service_worker","Default1Password1!","chrome-extension://fiioplbbjlgnbgecnklbjbjchmpfjdic/tabs/index.html",ilolmnhjbbggkmopnemiphomhaojndmb
"meteor-wallet","no-balance-near-weird-ids","ekenbhjoleabkfcpcaepfdajppaonkdb","silentlynx3515.near;shortcheese5696.near;manyquarry5095.near","service_worker","Default1Password1!","",pcndjhkinnkaohffealmlmhaepkpmgkb
"casper","no-balance-cspr","jfedlnlinbfaoijhhkcgadcikkkhcmcm","0202a177c868d9750502145430d8b1a50982c0473a26a727ef46e839aae719271c2e;0202f56d7a918093e67c882e1ac904a289283d257a486b6dceddae3b1426152120b2;020354e55fa52988566743089b20052b38ac97682c80603e03daa9640f79ef288050","service_worker","Default1Password1!","chrome-extension://jfedlnlinbfaoijhhkcgadcikkkhcmcm/onboarding.html",abkahkcbhngaebpcgfmhkoioedceoigp
"fewcha","no-balance-apt","ohcpodcofpfckifbnlilgpfnnfengkbl","0x4b391d63f1891ddf761950759f87691eeed34244ce526d1219f41da2d59492a8;0x99ca5cd37712b55f1162ddaa6be5a7f0a8bec3981d931e07edd6b72b5c9f44ee;0x6b4e618fb0f5a018752c2161a774cbc0d296d67f4898811a8e09f7fa7397ec62","service_worker","Default1Password1!","",ebfidpplhabeedpnhjnobghokpiioolj
"stargazer","","omijdidbkjpaelmhekghmcnpoopejmog","0x033a5379bc3d5edd92b9b1da762688e97cef154c;0x4A981186BbFBeC244E0F7260529528D294EC04Ed;0x196E98A561479ff97D533401Cc10e95b238e1a2A","service_worker","Default1Password1!","",pgiaagfkgcbnmiiolekcfmljdagdhlcm
"hana","","jfdlamikmbghhapbgfoogdffldioobgl","0x033a5379bc3d5edd92b9b1da762688e97cef154c;0x4A981186BbFBeC244E0F7260529528D294EC04Ed;0x196E98A561479ff97D533401Cc10e95b238e1a2A","service_worker","Default1Password1!","",jfdlamikmbghhapbgfoogdffldioobgl
"pip","dead-cant-use","hcbiigicdpopbeglohnplkdjbaknafap","0x033a5379bc3d5edd92b9b1da762688e97cef154c;0x4A981186BbFBeC244E0F7260529528D294EC04Ed;0x196E98A561479ff97D533401Cc10e95b238e1a2A","service_worker","Default1Password1!","",icblpoalghoakidcjiheabnkijnklhhe
"flow","no-balance-flow","hpclkefagolihohboafpheddmmgdffjm","0x3a3c0e28590b2370;0x22d740ceeacb05a2;0xc6b0f913fb31057d","service_worker","Default1Password1!","",hpclkefagolihohboafpheddmmgdffjm
"koala","no-balance-cant-find-addresses","lnnnmfcpbkafcpgdilckhmhbkkbpkmid","0x722E749e0e955Eeac0fb93A0d2d506d372aa3571;0x4A981186BbFBeC244E0F7260529528D294EC04Ed;","service_worker","Default1Password1!","",lnnnmfcpbkafcpgdilckhmhbkkbpkmid
"gero","no-balance-card","bgpipimickeadkjlklgciifhnalhdjhe","addr1qy57sfzcxwujvjh80fuvs2lv3cgsmmuddh2k0axdeeahjvf6hu4vvw38r2sa9qkzr5w29lzyar6rdu07944tdfx3uy9q9hk0cu;addr1q8uv57we0pfhvvcr5q9tku8kala6ffuygtja795w2edwepcyhaxvvss0audycp0qfaujd5waywnzut5e5ys40xssdqusl2lv75;addr1qydh99jrstef0cq9m6h9xjgx9e0942xfrtcxjwz8jjz206zq5l0fqpwu86xesegz0lajwwrehazt7st32zygxwhlnh8sakpl93","service_worker","Default1Password1!","chrome-extension://bgpipimickeadkjlklgciifhnalhdjhe/index.html#/",bgpipimickeadkjlklgciifhnalhdjhe
"asi","","nhajeooakkppcieinkhflojfnijilahi","0x033a5379bc3d5edd92b9b1da762688e97cef154c;0x4A981186BbFBeC244E0F7260529528D294EC04Ed;0x196E98A561479ff97D533401Cc10e95b238e1a2A","service_worker","Default1Password1!","",ellkdbaphhldpeajbepobaecooaoafpg
"veworld","no-balance-vet","nljgdahbjpffalkpilfllbcbjdpohhmo","0x28c8dda5fa3f9d550223364069c9bb55471ae2c4;0xc6f03b147de074e06a3f1981023c6ea5d2fb9b95;0x32fe0245fdf7e439942755fa96f810fb09f596fb","service_worker","Default1Password1!","",ffondjhiilhjpmfakjbejdgbemolaaho
"parti","no-balance-mpc","gjkdbeaiifkpoencioahhcilildpjhgh","0003f7fb6c9c0904270a68b30281299d4befcb565e;0015729f35a1d67440083123935a4ea80d4774f6e6;008f2c4b8955da2e097bf60220c910d2eb2df89cc1","service_worker","Default1Password1!","",gjkdbeaiifkpoencioahhcilildpjhgh
"nautilus","no-balance-erg","aohokkieihcmfopcjpmabbclldpehadb","9hBTJp6FKoZdeHbPnydo83y45BYn6TidzXvhrwmeZsSGKwDHsYM;9fJws9znZBngZKugiLKHJVLfPWVip5XQQrMhWGAhoceyQ7eaCm2;9gBAYLyqjsp7tLNoX6t69hpcU9dXcYsRctLRjrvkTHxx2HsL5cE","service_worker","Default1Password1!","",gjlmehlldlphhljhpnlddaodbjjcchai
"atomic","only-one-addresses","nfkjnkfjmpjhcpcbmoglkcbpffgcpkai","0x016Bc77527Daf51a3644E0ba590fC4B8133f6a00;;","service_worker","Default1Password1!","",gjnckgkfmgmibbkoficdidcljeaaaheg
"ion","no-balance-ion","mlldokmmkjfmlecaeeflnbhagamkoenb","UQBmmXUs_CGxd5a2g0-Qemsr09-SNfJX2G7UFn-7Z85eF_24;UQATGNZuq1e1z8FhzA05_QNDicSdQr-Ni8-r9X_cIpo_ftJF;UQD6IkTOyBKRn3RwbWOWviChX5AbihlgIvNqi9Hv4Nu1_55O","service_worker","Default1Password1!","",hfajfpbjlmembfdlhakjmefnbhjddofb
"bitfinity","no-balance-ic","cmbgfleopifpmnenbnakgdmalkiapeim","a6fde57520b54e81cd323dfca5ca7f84cc93d58291aa5ff82c74ace1ba99e35d;e54f95b2637347b7aebf07fde6f4183c6abcf783c240421c53fc668605a4f4ed;9f82ead12eaeb12578df680c0f33ce5635610a548be568dcd80a710e9cb59191","service_worker","Default1Password1!","",jnldfbidonfeldmalbflbmlebbipcnle
"onto","","njchbieampjabokafoghbkahnkfcnbmc","0x033a5379bc3d5edd92b9b1da762688e97cef154c;0x4A981186BbFBeC244E0F7260529528D294EC04Ed;0x196E98A561479ff97D533401Cc10e95b238e1a2A","service_worker","Default1Password1!","",ifckdpamphokdglkkdomedpdegcjhjdp
"braavos","dead","","none;;","service_worker","Default1Password1!","",jnlgamecbpmbajjfhmmmlhejkemejdma
